"Variable / Field Name","Form Name","Section Header","Field Type","Field Label","Choices, Calculations, OR Slider Labels","Field Note","Text Validation Type OR Show Slider Number","Text Validation Min","Text Validation Max",Identifier?,"Branching Logic (Show field only if...)","Required Field?","Custom Alignment","Question Number (surveys only)","Matrix Group Name","Matrix Ranking?","Field Annotation"
fof2,form_2,,text,"Field on form 2",,,,,,,,,,,,,
f2_radio,form_2,,radio,Radio,"1, One | 2, Two {f2_txt1} | 3, Three",,,,,,,,,,,,
desc2,form_2,,descriptive,"Show when field before = One",,,,,,,"[f2_radio] = '1'",,,,,,
f2_drop,form_2,,dropdown,Dropdown,"1, One | 2, Two | 3, Three",,,,,,,,,,,,
f2_check,form_2,,checkbox,Check,"1, One | 2, Two {f2_txt2} | 3, Three",,,,,,,y,,,,,
f2_txt1,form_2,,text,"Embedded Text",,,,,,,,,,,,,
f2_txt2,form_2,,text,"Embedded Text",,,,,,,,,,,,,
f2_unansw,form_2,,text,Unanswered,,,integer,,,,,,,,,," @N-UNANSWERED
@N-UNANSWERED-DIALOG=""dialog""
@N-UNANSWERED-HIGHLIGHT-PROGRESSIVE"
f2_unansw_2,form_2,,text,"Unanswered 2 (f2_check and f2_txt2 only)",,,integer,,,,,,,,,," @N-UNANSWERED=""f2_check,f2_txt2"""
sig,form_2,,file,Signature,,,signature,,,,,,,,,,
slider,form_2,,slider,Slider,,,,,,,,,RH,,,,
notes,form_2,,notes,Notes,,,,,,,,,RH,,,,
dialog,form_2,,descriptive,"<div class=""rich-text-field-label""><p><span style=""font-weight: normal;"">{{title:</span>Dial<span style=""font-weight: normal; color: #e03e2d;""><em>o</em></span>g Title<span style=""font-weight: normal;"">}}</span><span style=""font-weight: 400; background-color: var(--bs-body-bg); text-align: var(--bs-body-text-align);"">{{cancel:Return}}{{continue:Continue}}</span></p> <p><span style=""font-weight: normal;"">There are [f2_unansw] fields.</span></p></div>",,,,,,,,,,,,,
